"ID","slope","rate.mg.per.L.per.cm","R2","pvalue","phase"
"072720_0000_S0001",-0.178634985577059,0.178634985577059,0.881767471046574,0.00180520118135566,"DI"
