"ID","slope","rate.mg.per.L.per.cm","R2","pvalue","phase"
"072720_0000_S0000",-0.177845365657283,0.177845365657283,0.883634411828225,0.00178109122472596,"DI"
