"ID","slope","rate.mg.per.L.per.cm","R2","pvalue","phase"
"072720_0000_S0001",-0.16240190875605,0.16240190875605,0.80390842574068,0.00203728344701359,"DI"
