"ID","slope","rate.mg.per.L.per.cm","R2","pvalue","phase"
"072720_0000_S0000",-0.163487204894376,0.163487204894376,0.802278898809525,0.00206149243387624,"DI"
